{
  "version": "2022.1",
  "applications": [],
  "platforms": [
    {
      "name": "hdmi_wrapper"
    }
  ],
  "systems": [
    {
      "name": "Nexys-Video-HDMI_system",
      "platform": "E:/UpgradeProjects/Nexys-Video/sw/ws/hdmi_wrapper/export/hdmi_wrapper/hdmi_wrapper.xpfm",
      "sysConfig": "hdmi_wrapper",
      "buildConfig": "Debug",
      "applications": [
        {
          "name": "Nexys-Video-HDMI",
          "platform": "E:/UpgradeProjects/Nexys-Video/sw/ws/hdmi_wrapper/export/hdmi_wrapper/hdmi_wrapper.xpfm",
          "platformPath": "C:\\Users\\marko\\workspace\\hdmi_wrapper\\export\\hdmi_wrapper",
          "sysConfig": "hdmi_wrapper",
          "domain": "domain_microblaze_0",
          "system": "Nexys-Video-HDMI_system"
        }
      ],
      "platformPath": "C:\\Users\\marko\\workspace\\hdmi_wrapper\\export\\hdmi_wrapper"
    }
  ],
  "others": []
}